Job_Title,Location,Salary,Salary Frequency,Source,Scrape_date
Senior Compensation Analyst,"Spring, TX",NA,Hourly,VelvetJobs,2023-11-30
Network Service Engineer,"Hanscom Air Force Base, MA",NA,Hourly,VelvetJobs,2023-11-30
Bioprocess Associate,"East Syracuse, NY",18,Hourly,VelvetJobs,2023-11-30
Corporate Financial Controller,"Corning, NY",NA,Hourly,VelvetJobs,2023-11-30
Maintenance Technician,"Thomasville, NC",NA,Hourly,VelvetJobs,2023-11-30
Electrical Panel / Wiring Technician,"Somerset County, NJ",27 - 30,Hourly,VelvetJobs,2023-11-30
Quality Specialist / Sr Quality Specialist,"Allentown, PA",NA,Hourly,VelvetJobs,2023-11-30
Global Metrology Engineer,"Asheboro, NC",NA,Hourly,VelvetJobs,2023-11-30
Microbiologist,"Piscataway Township, NJ",NA,Hourly,VelvetJobs,2023-11-30
Administrative Assistant - Intermediate (Shadyside/Pittsburgh),"Pittsburgh, PA",NA,Hourly,VelvetJobs,2023-11-30
Unit Secretary - T12 Cardiology - Evening,"Altoona, PA",NA,Hourly,VelvetJobs,2023-11-30
Patient Care Technician - Resource,"Pittsburgh, PA",NA,Hourly,VelvetJobs,2023-11-30
Licensed Care Manager - Children's Services,"State College, PA",NA,Hourly,VelvetJobs,2023-11-30
Occupational Therapist,"Somerset, PA",NA,Hourly,VelvetJobs,2023-11-30
"Professional Staff Nurse, OP - Casual","Pittsburgh, PA",NA,Hourly,VelvetJobs,2023-11-30
"Access Lead- UPMC Carlisle, Full-time, Rotating Shifts","Carlisle, PA",NA,Hourly,VelvetJobs,2023-11-30
Behavioral Health Therapist I (Pediatric Obsessive-Compulsive Disorder Program),"Wexford, PA",NA,Hourly,VelvetJobs,2023-11-30
Casual Patient & Family Concierge (Rehab Unit),"Pittsburgh, PA",NA,Hourly,VelvetJobs,2023-11-30
Nursing Assistant (Full-Time) - 6 South (CT Surgery),"Erie, PA",NA,Hourly,VelvetJobs,2023-11-30
Nurse Navigator RN Mechanicsburg Oncology Outpatient,"Mechanicsburg, PA",NA,Hourly,VelvetJobs,2023-11-30
Service Coordinator (Lawrence County),"New Castle, PA",NA,Hourly,VelvetJobs,2023-11-30
Systems Analyst - Intermediate (Systems Operations),"Cheyenne, WY",NA,Hourly,VelvetJobs,2023-11-30
Materials Management Assistant,"Cranberry Township, PA",NA,Hourly,VelvetJobs,2023-11-30
"Assistant Coach, Football","Nashville, TN",NA,Hourly,VelvetJobs,2023-11-30
Key Holder - PT Chestnut Hill,"Newton, MA",NA,Hourly,VelvetJobs,2023-11-30
Account Executive (Men's),"New York, NY",NA,Hourly,VelvetJobs,2023-11-30
Mail Services Supervisor,"Redmond, WA",NA,Hourly,VelvetJobs,2023-11-30
Facilities Manager,"New York, NY",NA,Hourly,VelvetJobs,2023-11-30
"SPQREA - Associate, Private Client Program","Indianapolis, IN",NA,Hourly,VelvetJobs,2023-11-30
Research Analyst,"Dallas, TX",NA,Hourly,VelvetJobs,2023-11-30
"Manufacturing Manager - Winsted, CT","Winchester, CT",NA,Hourly,VelvetJobs,2023-11-30
"Technical Services Manager - Lenoir City, TN","Lenoir City, TN",NA,Hourly,VelvetJobs,2023-11-30
"Tooling Service Product Manager - Littleton, NH","Littleton, NH",NA,Hourly,VelvetJobs,2023-11-30
"Director, Payments Consulting - US Virtual","New York, NY",NA,Hourly,VelvetJobs,2023-11-30
Engineer II - Application Support,"Phoenix, AZ",NA,Hourly,VelvetJobs,2023-11-30
UHNW Senior Advisor,"Walpole, MA",NA,Hourly,VelvetJobs,2023-11-30
Citizens Banker,"New York, NY",NA,Hourly,VelvetJobs,2023-11-30
Engineering Technician I,"Baton Rouge, LA",4,Hourly,VelvetJobs,2023-11-30
Inventory Clerk,"West Jordan, UT",4,Hourly,VelvetJobs,2023-11-30
Inventory Control Clerk - $24.91,"Suwanee, GA",4,Hourly,VelvetJobs,2023-11-30
Business Development Generalist,"Phoenix, AZ",4,Hourly,VelvetJobs,2023-11-30
"Senior Associate, Employee Relations","Flat Rock, MI",NA,Hourly,VelvetJobs,2023-11-30
Manufacturing Engineer - Controls,"Sharonville, OH",NA,Hourly,VelvetJobs,2023-11-30
Sr. Staff Chassis Architect,"United States, CA",NA,Hourly,VelvetJobs,2023-11-30
Hourly Warehouse Team Member - Temp Full Time - Lakeland HVC in Davenport FL,"Davenport, FL",NA,Hourly,VelvetJobs,2023-11-30
Production Supervisor - MP&L,"Sterling Heights, MI",NA,Hourly,VelvetJobs,2023-11-30
Cyber Defense Analyst,"Dearborn, MI",NA,Hourly,VelvetJobs,2023-11-30
"Software Engineer, Full Stack","United States, CA",NA,Hourly,VelvetJobs,2023-11-30
Customer Success Manager (Onboarding),"United States, CA",NA,Hourly,VelvetJobs,2023-11-30
Software Engineer,"Redmond, WA",NA,Hourly,VelvetJobs,2023-11-30
Production Supervisor,"Sterling Heights, MI",NA,Hourly,VelvetJobs,2023-11-30
Software Engineer,"Dearborn, MI",NA,Hourly,VelvetJobs,2023-11-30
HLM Design and Release Engineer,"Dearborn, MI",NA,Hourly,VelvetJobs,2023-11-30
Mobile Service Market Operations Lead - Central Market Region,"United States, CA",NA,Hourly,VelvetJobs,2023-11-30
Engineering Specialist – Process Engineer,"Dearborn, MI",NA,Hourly,VelvetJobs,2023-11-30
"Business Development Manager, Philadelphia","Philadelphia, PA",NA,Hourly,VelvetJobs,2023-11-30
Movable Glass Systems Supervisor,"Dearborn, MI",NA,Hourly,VelvetJobs,2023-11-30
Manager - Vehicle Durability and Reliability,"Dearborn, MI",NA,Hourly,VelvetJobs,2023-11-30
PT - Sales Associate,"Oak Brook, IL",NA,Hourly,VelvetJobs,2023-11-30
"Articulating Haul Truck Operator - DAY SHIFT - Bedrock Sand & Gravel Plant - Center Point, TX","Dallas, TX",NA,Hourly,VelvetJobs,2023-11-30
Spv Housekeeping-200,"Farmington, UT",NA,Hourly,VelvetJobs,2023-11-30
Lead Cook/ Kitchen Supervisor,"Oklahoma City, OK",NA,Hourly,VelvetJobs,2023-11-30
Cook PM Shift,"Oklahoma City, OK",NA,Hourly,VelvetJobs,2023-11-30
Surgical Pathology Medical Records Specialist,"Aurora, CO",NA,Hourly,VelvetJobs,2023-11-30
"Professional Research Assistant, Community Engagement Specialist","Aurora, CO",NA,Hourly,VelvetJobs,2023-11-30
Professional Research Assistant,"Aurora, CO",NA,Hourly,VelvetJobs,2023-11-30
Inpatient Psychiatric Unit Medical Director - Open Rank,"Aurora, CO",NA,Hourly,VelvetJobs,2023-11-30
Website and Digital Content Specialist,"Aurora, CO",NA,Hourly,VelvetJobs,2023-11-30
Laboratory Science Program Manager,"Aurora, CO",NA,Hourly,VelvetJobs,2023-11-30
"Patient Services Representative I-II - OBGYN, Lowry","Aurora, CO",NA,Hourly,VelvetJobs,2023-11-30
Structural Intern,"Omaha, NE",NA,Hourly,VelvetJobs,2023-11-30
Geotechnical Intern,"Nashville, TN",NA,Hourly,VelvetJobs,2023-11-30
Civil Engineer,"Chicago, IL",NA,Hourly,VelvetJobs,2023-11-30
Architecture Project Manager,"Seattle, WA",NA,Hourly,VelvetJobs,2023-11-30
"Intern, Expert Services","Boston, MA",NA,Hourly,VelvetJobs,2023-11-30
"Intern, Expert Services","New York, NY",NA,Hourly,VelvetJobs,2023-11-30
"Intern, Expert Services","Washington, DC",NA,Hourly,VelvetJobs,2023-11-30
Truck Driver,"Howell, NJ",NA,Hourly,VelvetJobs,2023-11-30
Service Technician,"Hermon, ME",3,Hourly,VelvetJobs,2023-11-30
Truck Driver,"Augusta, ME",3,Hourly,VelvetJobs,2023-11-30
Service Technician,"Augusta, ME",3,Hourly,VelvetJobs,2023-11-30
Manufacturing Excellence Manager,"Louisville, KY",NA,Hourly,VelvetJobs,2023-11-30
Electro Mechanic,"Tullahoma, TN",NA,Hourly,VelvetJobs,2023-11-30
"Field Technician, Atlanta Bureau","Atlanta, GA",NA,Hourly,VelvetJobs,2023-11-30
Broadcast Associate,"Los Angeles, CA",NA,Hourly,VelvetJobs,2023-11-30
"Sr. Producer, Weekends & Special Projects - LiveNOW from FOX","Phoenix, AZ",NA,Hourly,VelvetJobs,2023-11-30
"Freelance Field Producer, Atlanta Bureau","Atlanta, GA",NA,Hourly,VelvetJobs,2023-11-30
Executive Producer,"Washington, DC",NA,Hourly,VelvetJobs,2023-11-30
White House Producer,"Washington, DC",NA,Hourly,VelvetJobs,2023-11-30
News Writer/Producer,"Washington, DC",NA,Hourly,VelvetJobs,2023-11-30
"Branch Sales Associate- Part-time (Marietta, GA) Starting at $18.90","Marietta, GA",NA,Hourly,VelvetJobs,2023-11-30
"On-Site Service Specialist- Part-time 30 hours (Hartford, CT)","Hartford, CT",NA,Hourly,VelvetJobs,2023-11-30
Sr Technical Data Architect,"Chicago, IL",NA,Hourly,VelvetJobs,2023-11-30
Field Account Representative - Houston,"Houston, TX",NA,Hourly,VelvetJobs,2023-11-30
"Branch Sales Associate - Part Time (Pasco, WA) Starting at $21.00","Pasco, WA",NA,Hourly,VelvetJobs,2023-11-30
Machine Technician - 3rd Shift - Blade Mfg,"Greenwood, MS",NA,Hourly,VelvetJobs,2023-11-30
Sr Financial Analyst-Sales & Selling,"Menomonee Falls, WI",NA,Hourly,VelvetJobs,2023-11-30
machine tech 1,"Jackson, MS",NA,Hourly,VelvetJobs,2023-11-30
Machine Tech 1 - 2nd Shift - Blades,"Greenwood, MS",NA,Hourly,VelvetJobs,2023-11-30
Associate Machinist Lathe - 2nd Shift,"West Carrollton, OH",NA,Hourly,VelvetJobs,2023-11-30
Pharmacy Assistant Western Psychiatric Hospital,"Pittsburgh, PA",NA,Hourly,VelvetJobs,2023-11-30
Transportation Planner 1 (2024 New Graduates!),"Atlanta, GA",NA,Hourly,VelvetJobs,2023-11-30
Geologist 3,"Raleigh, NC",NA,Hourly,VelvetJobs,2023-11-30
Environmental Engineer 5,"Chicago, IL",NA,Hourly,VelvetJobs,2023-11-30
Transportation Planner 1 (2024 New Graduates!),"Orlando, FL",NA,Hourly,VelvetJobs,2023-11-30
Transportation Planner 3,"Orlando, FL",NA,Hourly,VelvetJobs,2023-11-30
Environmental Engineer 2,"Denver, CO",NA,Hourly,VelvetJobs,2023-11-30
Environmental Scientist/Analytical Chemist,"New York, NY",NA,Hourly,VelvetJobs,2023-11-30
Cashier - Cleveland Clinic Main Campus,"Cleveland, OH",NA,Hourly,VelvetJobs,2023-11-30
Hotel Valet Cashier- JW Marriott DC,"Washington, DC",NA,Hourly,VelvetJobs,2023-11-30
Coffee Shop Supervisor- Henrico Medical,"Richmond, VA",NA,Hourly,VelvetJobs,2023-11-30
Seasonal Ski Check Attendant ($14/hr + Tips) - Camelback Resort,"Tannersville, PA",NA,Hourly,VelvetJobs,2023-11-30
Overnight Shuttle Driver (CDL w/ Passenger Endorsement) LAX Marriott PT $22.65 - $24.15/HR,"Los Angeles, CA",NA,Hourly,VelvetJobs,2023-11-30
Valet Attendant - Four Seasons Philadelphia,"Philadelphia, PA",NA,Hourly,VelvetJobs,2023-11-30
"Shuttle Driver (Non-CDL, $15/hr Mon-Fri) - Geisinger Community Medical Center","Scranton, PA",NA,Hourly,VelvetJobs,2023-11-30
Overnight Valet Attendant (Weekends) - Standard Spa Miami Beach,"Miami Beach, FL",NA,Hourly,VelvetJobs,2023-11-30
Valet Attendant – Providence St. Joseph Medical Center PT(Weekends) $15.50 - $16.50/HR + Tips,"Burbank, CA",NA,Hourly,VelvetJobs,2023-11-30
Evening Weekend Valet Attendant ($15.90 per hour + Tips!)- JW Marriot DC,"Washington, DC",NA,Hourly,VelvetJobs,2023-11-30
Valet Attendant - Courtyard Portland Lloyd Ctr. - (AM Shift) $16/HR + Tips,"Portland, OR",NA,Hourly,VelvetJobs,2023-11-30
Valet Attendant - Mary Bridge Children's Hospital - $18.69/HR + Tips,"Tacoma, WA",NA,Hourly,VelvetJobs,2023-11-30
Lead Valet Attendant – Providence Tarzana Medical Center FT $19/HR + Tips,"Los Angeles, CA",NA,Hourly,VelvetJobs,2023-11-30
Valet Parking Attendant - Marriott Marquis,"Washington, DC",NA,Hourly,VelvetJobs,2023-11-30
Hospital Valet Attendant - Nicklaus Children's Hospital,"Miami, FL",NA,Hourly,VelvetJobs,2023-11-30
Keybooth Operator - Cleveland Clinic Main Campus,"Cleveland, OH",NA,Hourly,VelvetJobs,2023-11-30
"Sales, Account Executive, Philips ECG Solutions , Boston North, MA","Boston, MA",NA,Hourly,VelvetJobs,2023-11-30
"Senior Manager, Global Transportation","Murrysville, PA",NA,Hourly,VelvetJobs,2023-11-30
Principal FedRAMP Compliance Specialist,"San Francisco, CA",NA,Hourly,VelvetJobs,2023-11-30
Cook/Prep (Weekends/Holidays required),"Fort Worth, TX",NA,Hourly,VelvetJobs,2023-11-30
Cook,"Green Bay, WI",NA,Hourly,VelvetJobs,2023-11-30
Cook,"Raleigh, NC",NA,Hourly,VelvetJobs,2023-11-30
Business Director,"Springfield, MO",NA,Hourly,VelvetJobs,2023-11-30
Senior Manager of Internal Audit,"Addison, TX",NA,Hourly,VelvetJobs,2023-11-30
Dietary Server Part Time or Full Time,"Columbus, NC",NA,Hourly,VelvetJobs,2023-11-30
Medication Aide,"Columbus, NC",NA,Hourly,VelvetJobs,2023-11-30
Dining Service Server (Weekends/Holidays required),"Fort Worth, TX",NA,Hourly,VelvetJobs,2023-11-30
Personal Care Attendant,"Columbus, NC",NA,Hourly,VelvetJobs,2023-11-30
Maintenance Assistant,"Indianapolis, IN",NA,Hourly,VelvetJobs,2023-11-30
Executive Director,"Ridgeland, MS",NA,Hourly,VelvetJobs,2023-11-30
"Tax Senior Associate – Gift, Trust, & Estate Tax - Remote Eligible","Irvine, CA",NA,Hourly,VelvetJobs,2023-11-30
"Tax Senior Manager – Gift, Trust, & Estate Tax - Remote Eligible","Irvine, CA",NA,Hourly,VelvetJobs,2023-11-30
"Tax Associate – Gift, Trust, & Estate Tax - Remote Eligible","Long Beach, CA",NA,Hourly,VelvetJobs,2023-11-30
"Tax Senior Manager - Gift, Trust, & Estate Tax - Remote Eligible","Minneapolis, MN",NA,Hourly,VelvetJobs,2023-11-30
"Primary Teacher, Preschool Classroom (ages 2-3.5 years)","Reno, NV",NA,Hourly,VelvetJobs,2023-11-30
"Classroom Manager, Infant Classroom (ages 0-2 years)","Reno, NV",24,Hourly,VelvetJobs,2023-11-30
Diesel Mechanic,"Van Buren, AR",NA,Hourly,VelvetJobs,2023-11-30
CDL Truck Driver Commerical,"Burnsville, MN",NA,Hourly,VelvetJobs,2023-11-30
Landfill Gas Technician,"Little Rock, AR",NA,Hourly,VelvetJobs,2023-11-30
Driver Residential,"Camp Hill, PA",NA,Hourly,VelvetJobs,2023-11-30
CDL Truck Driver - Residential,"Canton, OH",NA,Hourly,VelvetJobs,2023-11-30
"III, Heavy Equipment Operator Landfill","Northwood, OH",NA,Hourly,VelvetJobs,2023-11-30
CDL Truck Driver - Residential,"Rochester, NY",NA,Hourly,VelvetJobs,2023-11-30
"Diesel Mechanic 7,500 Sign-On Bonus","Charleston, IL",7,Hourly,VelvetJobs,2023-11-30
Shift Vehicle Maintenance Supervisor,"Nashville, TN",NA,Hourly,VelvetJobs,2023-11-30
CDL Truck Driver - Residential,"Webster, NY",NA,Hourly,VelvetJobs,2023-11-30
Landfill Gas Technician,"Charlottesville, VA",NA,Hourly,VelvetJobs,2023-11-30
Transportation Route Manager,"Fond Du Lac, WI",NA,Hourly,VelvetJobs,2023-11-30
Driver Apprentice,"Venice, FL",NA,Hourly,VelvetJobs,2023-11-30
CDL Truck Driver - Commercial,"Chesapeake, VA",NA,Hourly,VelvetJobs,2023-11-30
CDL Truck Driver-Residential,"Ambridge, PA",NA,Hourly,VelvetJobs,2023-11-30
Paralegal,"Lombard, IL",NA,Hourly,VelvetJobs,2023-11-30
CDL Truck Driver- Roll Off,"Boynton Beach, FL",NA,Hourly,VelvetJobs,2023-11-30
District Fleet Manager,"Woodinville, WA",NA,Hourly,VelvetJobs,2023-11-30
Operations Specialist,"Sterling, VA",NA,Hourly,VelvetJobs,2023-11-30
"Manager II, District, Landfill","Surprise, AZ",NA,Hourly,VelvetJobs,2023-11-30
Route Manager,"Denver, CO",NA,Hourly,VelvetJobs,2023-11-30
Route Manager,"Orem, UT",NA,Hourly,VelvetJobs,2023-11-30
Diesel Mechanic,"Jackson, TN",NA,Hourly,VelvetJobs,2023-11-30
Container Driver Residential,"Chesapeake, VA",NA,Hourly,VelvetJobs,2023-11-30
CDL Truck Driver,"Englewood, CO",NA,Hourly,VelvetJobs,2023-11-30
CDL Driver Residential,"Silverthorne, CO",NA,Hourly,VelvetJobs,2023-11-30
CDL Truck Driver - Residential/Commercial,"Orlando, FL",NA,Hourly,VelvetJobs,2023-11-30
CDL Truck Driver,"Payson, AZ",NA,Hourly,VelvetJobs,2023-11-30
PMU Silicon Validation Engineer,"Cupertino, CA",NA,Hourly,VelvetJobs,2023-11-30
SwiftData Test Engineer,"Cupertino, CA",NA,Hourly,VelvetJobs,2023-11-30
"Site Reliability Engineer, Employee Experience & Productivity","Austin, TX",NA,Hourly,VelvetJobs,2023-11-30
US-Manager,"Burlington, MA",NA,Hourly,VelvetJobs,2023-11-30
Benefit Administration Analyst,"Austin, TX",NA,Hourly,VelvetJobs,2023-11-30
Photos - Apps and User Experience Software Engineer,"Cupertino, CA",NA,Hourly,VelvetJobs,2023-11-30
Biomedical Research Scientist,"Cupertino, CA",NA,Hourly,VelvetJobs,2023-11-30
GPU Performance Modeling Engineer - Platform Architecture,"Cupertino, CA",NA,Hourly,VelvetJobs,2023-11-30
Battery Cell Engineer - NPI,"Cupertino, CA",NA,Hourly,VelvetJobs,2023-11-30
US-Manager,"Troy, MI",NA,Hourly,VelvetJobs,2023-11-30
GPU Performance Modeling Driver Engineer - Platform Architecture,"Cambridge, MA",NA,Hourly,VelvetJobs,2023-11-30
Hardware Product Design Engineer - Mac Engineering,"Austin, TX",NA,Hourly,VelvetJobs,2023-11-30
GPU Performance Modeling Engineer - Platform Architecture,"Cambridge, MA",NA,Hourly,VelvetJobs,2023-11-30
Health Software QA Engineer,"Cupertino, CA",NA,Hourly,VelvetJobs,2023-11-30
"IS&T - EPM Manager, SAP Enterprise Programs","Cupertino, CA",NA,Hourly,VelvetJobs,2023-11-30
Senior Audio Software Engineer - Apple Vision Pro,"Boulder, CO",NA,Hourly,VelvetJobs,2023-11-30
"Senior Business Development Manager, Games - App Store","Culver City, CA",NA,Hourly,VelvetJobs,2023-11-30
GPU Performance Modeling Driver Engineer - Platform Architecture,"Austin, TX",NA,Hourly,VelvetJobs,2023-11-30
"UI Software Engineer, Enterprise Systems","Austin, TX",NA,Hourly,VelvetJobs,2023-11-30
"Software Engineer - Data Engineering, News, Stocks, and Weather","Cupertino, CA",NA,Hourly,VelvetJobs,2023-11-30
Software Systems Engineer,"Cupertino, CA",NA,Hourly,VelvetJobs,2023-11-30
Inductive Engineering Program Manager,"Cupertino, CA",NA,Hourly,VelvetJobs,2023-11-30
Senior Software Quality Engineer- Apple Vision Pro,"Cupertino, CA",NA,Hourly,VelvetJobs,2023-11-30
"iCloud Solutions Engineer, Apple Services Engineering","Cupertino, CA",NA,Hourly,VelvetJobs,2023-11-30
Camera Process Engineer,"San Diego, CA",NA,Hourly,VelvetJobs,2023-11-30
"AIML - Software Engineer, ML Platform & Technology (Privacy)","Cupertino, CA",NA,Hourly,VelvetJobs,2023-11-30
"AIML - Machine Learning Engineer, Core ML Model Conversion (ODML)","Seattle, WA",NA,Hourly,VelvetJobs,2023-11-30
Audio Products ML Engineer,"San Diego, CA",NA,Hourly,VelvetJobs,2023-11-30
"RN, Perinatal Float Team (Per Diem)","Los Angeles, CA",NA,Hourly,VelvetJobs,2023-11-30
Administrative Assistant III – Pulmonary Function Laboratory,"Los Angeles, CA",NA,Hourly,VelvetJobs,2023-11-30
Staff Research Associate 2,"Los Angeles, CA",NA,Hourly,VelvetJobs,2023-11-30
Oliver Wyman – Data Science & Coding Consultant – P&C,"Atlanta, GA",NA,Hourly,VelvetJobs,2023-11-30
Executive Assistant - London,"Lewisville, TX",NA,Hourly,VelvetJobs,2023-11-30
CAVOK Junior Analyst – College Rotation Generalist,"Westlake, TX",NA,Hourly,VelvetJobs,2023-11-30
Health Consulting Summer Intern -South East - College Program 2024,"Sunrise, FL",NA,Hourly,VelvetJobs,2023-11-30
Wealth Consulting Analyst (Korea Focus),"Chicago, IL",NA,Hourly,VelvetJobs,2023-11-30
Oliver Wyman - Global Head of Knowledge Services - New York,"New York, NY",NA,Hourly,VelvetJobs,2023-11-30
Senior Coordinator - Insurance Operations,"Austin, TX",NA,Hourly,VelvetJobs,2023-11-30
Engagement & Alumni Relations Specialist 3,"Bronx, NY",NA,Hourly,VelvetJobs,2023-11-30
Unit Clerical Associate (HS),"Kansas City, MO",NA,Hourly,VelvetJobs,2023-11-30
APP Specialty - Inpatient Cardiac Surgery - Ross Heart (Rotation),"Kansas City, MO",NA,Hourly,VelvetJobs,2023-11-30
Engineering Technician,"Englewood, CO",NA,Hourly,VelvetJobs,2023-11-30
Research Technician,"Bronx, NY",NA,Hourly,VelvetJobs,2023-11-30
Post Doctoral Scholar,"Bronx, NY",NA,Hourly,VelvetJobs,2023-11-30
Medical Lab Technician-Testing,"Kansas City, MO",NA,Hourly,VelvetJobs,2023-11-30
Line Cook,"Bronx, NY",NA,Hourly,VelvetJobs,2023-11-30
Sponsored Program Coordinator,"Bronx, NY",NA,Hourly,VelvetJobs,2023-11-30
Lead Engineer,"Bronx, NY",NA,Hourly,VelvetJobs,2023-11-30
Visiting Scholar,"Kansas City, MO",NA,Hourly,VelvetJobs,2023-11-30
Nutrition Aide,"Kansas City, MO",NA,Hourly,VelvetJobs,2023-11-30
Linux Systems Administrator,"Bronx, NY",NA,Hourly,VelvetJobs,2023-11-30
IRP-Patient Care Associate (HS),"Kansas City, MO",NA,Hourly,VelvetJobs,2023-11-30
HR Consultant,"Bronx, NY",NA,Hourly,VelvetJobs,2023-11-30
Lecturer,"Bronx, NY",NA,Hourly,VelvetJobs,2023-11-30
Advanced Practice Provider (NP/PA) - Inpatient Hematology - The James,"Kansas City, MO",NA,Hourly,VelvetJobs,2023-11-30
Advance Practice Provider (NP/PA)-James Outpatient Care Lymphoma Clinic- The James,"Columbus, OH",NA,Hourly,VelvetJobs,2023-11-30
Clinical Research Specialist 2,"Bronx, NY",NA,Hourly,VelvetJobs,2023-11-30
Research Senior Technician,"Bronx, NY",NA,Hourly,VelvetJobs,2023-11-30
Therapeutic Recreation Spec 2,"Kansas City, MO",NA,Hourly,VelvetJobs,2023-11-30
Curator of Exhibitions,"Bronx, NY",NA,Hourly,VelvetJobs,2023-11-30
Tenure-Track Faculty (Open Rank),"Bronx, NY",NA,Hourly,VelvetJobs,2023-11-30
Post Doctoral Scholar,"Wooster, OH",NA,Hourly,VelvetJobs,2023-11-30
Pharmacy Technician 4,"Kansas City, MO",NA,Hourly,VelvetJobs,2023-11-30
"Associate Director, Financial Analysis","Bronx, NY",NA,Hourly,VelvetJobs,2023-11-30
"Associate Director, Facilities Skilled Trades","Kansas City, MO",NA,Hourly,VelvetJobs,2023-11-30
Research Technician 3,"Kansas City, MO",NA,Hourly,VelvetJobs,2023-11-30
Physician-Laryngologist,"Kansas City, MO",NA,Hourly,VelvetJobs,2023-11-30
Nurse Manager - Progressive Care Unit - University Hospital,"Kansas City, MO",NA,Hourly,VelvetJobs,2023-11-30
Facilities Renovation /Restoration Technician,"Bronx, NY",NA,Hourly,VelvetJobs,2023-11-30
Access Control Manager,"Kansas City, MO",NA,Hourly,VelvetJobs,2023-11-30
Office Services Coordinator 2 - Belmont County,"Alexandria, VA",NA,Hourly,VelvetJobs,2023-11-30
"Extension Educators Coordinator 3, SNAP-Ed Program Assistant, Morrow County","Alexandria, VA",NA,Hourly,VelvetJobs,2023-11-30
Graphic and Motion Design Specialist 2,"Bronx, NY",NA,Hourly,VelvetJobs,2023-11-30
Quality Assurance Receiving Inspector I,"Corona, CA",NA,Hourly,VelvetJobs,2023-11-30
Senior Paid Media Data and Visualization Analyst,"Framingham, MA",NA,Hourly,VelvetJobs,2023-11-30
Warehouse Manager,"Waipahu, HI",NA,Hourly,VelvetJobs,2023-11-30
Sr. S&OP Analyst,"Dallas, TX",NA,Hourly,VelvetJobs,2023-11-30
Dispatcher,"Midland, TX",NA,Hourly,VelvetJobs,2023-11-30
Warehouse Team Member I,"Urbandale, IA",NA,Hourly,VelvetJobs,2023-11-30
Hot Shot Driver,"Midland, TX",NA,Hourly,VelvetJobs,2023-11-30
Facilities Utility Associate,"Waterloo, IA",NA,Hourly,VelvetJobs,2023-11-30
Senior Project Manager - Water/Wastewater Infrastructure,"Los Angeles, CA",20 - 800,Hourly,VelvetJobs,2023-11-30
Senior Software Engineer,"Remote, United States",NA,Hourly,VelvetJobs,2023-11-30
Replenishment Manager - Stores,"Champaign, IL",NA,Hourly,VelvetJobs,2023-11-30
Customer Experience Manager,"Topeka, KS",NA,Hourly,VelvetJobs,2023-11-30
"Supervisor, Lab","Lockbourne, OH",NA,Hourly,VelvetJobs,2023-11-30
Seasonal Service Team Member,"Leominster, MA",NA,Hourly,VelvetJobs,2023-11-30
Service Team Member,"California, MD",NA,Hourly,VelvetJobs,2023-11-30
cashier,"Sykesville, MD",NA,Hourly,VelvetJobs,2023-11-30
FT Customer Experience Manager,"Columbus, OH",NA,Hourly,VelvetJobs,2023-11-30
PT Service TM (Service w/transition into Permanent),"Austin, TX",NA,Hourly,VelvetJobs,2023-11-30
Stockroom Manager,"Brooklyn, NY",NA,Hourly,VelvetJobs,2023-11-30
seasonal service team member,"West Hazleton, PA",NA,Hourly,VelvetJobs,2023-11-30
Receiving Manager,"Queens, NY",NA,Hourly,VelvetJobs,2023-11-30
"Retail Store Manager - 111-1327 - SEATTLE-Interbay, WA","Seattle, WA",NA,Hourly,VelvetJobs,2023-11-30
Seasonal Team Member,"Parsippany Troy Hills, NJ",NA,Hourly,VelvetJobs,2023-11-30
Category Administrative Associate - Merchandising,"Irving, TX",NA,Hourly,VelvetJobs,2023-11-30
Customer experience manager,"Orlando, FL",NA,Hourly,VelvetJobs,2023-11-30
Operations Manager,"Durham, NC",NA,Hourly,VelvetJobs,2023-11-30
Bench Store Manager 307,"Berlin, CT",NA,Hourly,VelvetJobs,2023-11-30
Seasonal Early Morning Stocker/Truck,"Green Bay, WI",NA,Hourly,VelvetJobs,2023-11-30
Replenishment Manager,"Charleston, SC",NA,Hourly,VelvetJobs,2023-11-30
Seasonal Team Member RD,"Bridgeport, CT",NA,Hourly,VelvetJobs,2023-11-30
Service Team Member,"North Canton, OH",NA,Hourly,VelvetJobs,2023-11-30
Training Specialist Advisor – Surface Warfare Trainer,"Norfolk, VA",NA,Hourly,VelvetJobs,2023-11-30
"Welder, Combination, Maintenance","Chesapeake, VA",NA,Hourly,VelvetJobs,2023-11-30
Retail PT Customer Experience Manager,"Austin, TX",NA,Hourly,VelvetJobs,2023-11-30
Operations Manager,"Washington, PA",NA,Hourly,VelvetJobs,2023-11-30
Reporting and Analytics Lead,"Falls Church, VA",NA,Hourly,VelvetJobs,2023-11-30
Sr. Master Scheduler,"Falls Church, VA",NA,Hourly,VelvetJobs,2023-11-30
Sr. Quality Assurance Manager,"Falls Church, VA",NA,Hourly,VelvetJobs,2023-11-30
Sr. Resource Manager,"Falls Church, VA",NA,Hourly,VelvetJobs,2023-11-30
Data Center Operations Manager,"Rockville, MD",NA,Hourly,VelvetJobs,2023-11-30
Sr. Change Manager,"Falls Church, VA",NA,Hourly,VelvetJobs,2023-11-30
Sr. IT Asset Management Lead,"Falls Church, VA",NA,Hourly,VelvetJobs,2023-11-30
Service Desk Manager,"Rockville, MD",NA,Hourly,VelvetJobs,2023-11-30
Deskside Support Manager,"Rockville, MD",NA,Hourly,VelvetJobs,2023-11-30
Transition Manager,"Rockville, MD",NA,Hourly,VelvetJobs,2023-11-30
Security Operations Manager,"Rockville, MD",NA,Hourly,VelvetJobs,2023-11-30
Executive Administrative Support III - TS/SCI w/ Poly,"Bethesda, MD",NA,Hourly,VelvetJobs,2023-11-30
Audiovisual / Video Teleconference Administrator,"Kansas City, MO",NA,Hourly,VelvetJobs,2023-11-30
Research Scientist - Arbovirologist,"Silver Spring, MD",NA,Hourly,VelvetJobs,2023-11-30
Systems Administrator - TS/SCI with Polygraph,"Chantilly, VA",NA,Hourly,VelvetJobs,2023-11-30
Business/Financial Analyst,"Huntsville, AL",NA,Hourly,VelvetJobs,2023-11-30
Sr. vNOC Operations Manager,"San Antonio, TX",NA,Hourly,VelvetJobs,2023-11-30
Senior Systems Administrator (JTF-GTMO),"Kansas City, MO",NA,Hourly,VelvetJobs,2023-11-30
Manpower Management Analyst (DoD manpower exp required),"Bethesda, MD",NA,Hourly,VelvetJobs,2023-11-30
Network Operations Manager,"Rockville, MD",NA,Hourly,VelvetJobs,2023-11-30
Aircraft Survivability Equipment Liaison Officer ( ASE LNO),"Kansas City, MO",NA,Hourly,VelvetJobs,2023-11-30
"IS Security Engineer (ISSE) , TS/SCI with Polygraph","Chantilly, VA",NA,Hourly,VelvetJobs,2023-11-30
Warehouse Mechanic III - TS/SCI w/Poly,"Springfield, VA",NA,Hourly,VelvetJobs,2023-11-30
Physical Technical Certification Officer TS/SCI w/Poly,"Aurora, CO",NA,Hourly,VelvetJobs,2023-11-30
vNOC Incident Management Lead,"San Antonio, TX",NA,Hourly,VelvetJobs,2023-11-30
Knowledge Manager (GECOS),"Falls Church, VA",NA,Hourly,VelvetJobs,2023-11-30
Systems Administrator,"Pearl Harbor, HI",NA,Hourly,VelvetJobs,2023-11-30
Program Security Representative (PSR) III,"Edwards Air Force Base, CA",NA,Hourly,VelvetJobs,2023-11-30
VMWare Systems Admin - INT - Day shift,"Sierra Vista, AZ",NA,Hourly,VelvetJobs,2023-11-30
CX Platform Manager,"Cleveland, OH",NA,Hourly,VelvetJobs,2023-11-30
Teller,"Buffalo, NY",NA,Hourly,VelvetJobs,2023-11-30
Personal Banker,"Wyoming County, NY",NA,Hourly,VelvetJobs,2023-11-30
Float Teller,"Cheektowaga, NY",NA,Hourly,VelvetJobs,2023-11-30
Financial Wellness Banker,"Monroe, WA",NA,Hourly,VelvetJobs,2023-11-30
Branch Manager,"Stamford, CT",NA,Hourly,VelvetJobs,2023-11-30
Operations Coordinator,"Livermore, CA",NA,Hourly,VelvetJobs,2023-11-30
Universal Banker,"Greece, NY",NA,Hourly,VelvetJobs,2023-11-30
Universal Banker,"Fairport, NY",NA,Hourly,VelvetJobs,2023-11-30
Personal Banker,"Albany, NY",NA,Hourly,VelvetJobs,2023-11-30
Personal Banker,"Orchard Park, NY",NA,Hourly,VelvetJobs,2023-11-30
Teller,"East Amherst, NY",NA,Hourly,VelvetJobs,2023-11-30
"Sr. Manager, ME Product Marketing","Plano, TX",NA,Hourly,VelvetJobs,2023-11-30
Spare Parts Specialist,"Newberry, SC",NA,Hourly,VelvetJobs,2023-11-30
Day Cleaner,"Zachary, LA",NA,Hourly,VelvetJobs,2023-11-30
Cleaner,"Indianapolis, IN",NA,Hourly,VelvetJobs,2023-11-30
Part Time Night Cleaner,"Columbus, GA",NA,Hourly,VelvetJobs,2023-11-30
Cleaner,"Ontario, CA",16.00,Hourly,VelvetJobs,2023-11-30
CLEANER,"Nashville, TN",NA,Hourly,VelvetJobs,2023-11-30
Swing Shift FT Garage Cashier,"Akron, OH",11.00,Hourly,VelvetJobs,2023-11-30
Cleaner,"Greenwood, SC",NA,Hourly,VelvetJobs,2023-11-30
CLEANER,"Murfreesboro, TN",14,Hourly,VelvetJobs,2023-11-30
Warehouse Corrugate,"Las Vegas, NV",NA,Hourly,VelvetJobs,2023-11-30
EMPLOYEE LOT ATTENDANT ORLANDO,"Orlando, FL",15.50,Hourly,VelvetJobs,2023-11-30
Airport Facility Cleaner,"Birmingham, AL",NA,Hourly,VelvetJobs,2023-11-30
Part Time Night Cleaners,"Duluth, GA",16.00,Hourly,VelvetJobs,2023-11-30
School Custodian,"Burley, ID",NA,Hourly,VelvetJobs,2023-11-30
Cleaner,"Oxford, MS",NA,Hourly,VelvetJobs,2023-11-30
Warehouse Cleaner,"Burr Ridge, IL",NA,Hourly,VelvetJobs,2023-11-30
Catering Cook,"Shreveport, LA",NA,Hourly,VelvetJobs,2023-11-30
Engineer,"Mount Pleasant, NY",48.39,Hourly,VelvetJobs,2023-11-30
Cleaner,"Cleveland, OH",NA,Hourly,VelvetJobs,2023-11-30
Valet,"Burleson, TX",NA,Hourly,VelvetJobs,2023-11-30
VALET,"Sacramento, CA",NA,Hourly,VelvetJobs,2023-11-30
GMP Lab Cleaner,"Rockville, MD",NA,Hourly,VelvetJobs,2023-11-30
Patient Tray Server,"Shreveport, LA",NA,Hourly,VelvetJobs,2023-11-30
Diet Clerk,"Shreveport, LA",NA,Hourly,VelvetJobs,2023-11-30
Cleaner,"Clayton, MO",NA,Hourly,VelvetJobs,2023-11-30
LEAD,"Tampa, FL",NA,Hourly,VelvetJobs,2023-11-30
Building Engineer,"Santa Clara, CA",43.56,Hourly,VelvetJobs,2023-11-30
Areas Verdes - ASEM,"San Juan Capistrano, CA",NA,Hourly,VelvetJobs,2023-11-30
Cleaner,"Boulder, CO",20,Hourly,VelvetJobs,2023-11-30
Waxer - Floor Technician,"Rancho Cucamonga, CA",18.50,Hourly,VelvetJobs,2023-11-30
School Custodian Lewisville ISD-East,"The Colony, TX",NA,Hourly,VelvetJobs,2023-11-30
Cleaner,"Houston, TX",NA,Hourly,VelvetJobs,2023-11-30
General Cleaner,"Meridian, ID",15.00,Hourly,VelvetJobs,2023-11-30
Airline Passenger Assist,"Orlando, FL",13.00,Hourly,VelvetJobs,2023-11-30
Bilingual Day Porter,"Houston, TX",NA,Hourly,VelvetJobs,2023-11-30
School Custodian Lewisville ISD-West,"Flower Mound, TX",NA,Hourly,VelvetJobs,2023-11-30
Building Mechanic,"Casper, WY",NA,Hourly,VelvetJobs,2023-11-30
CLEANER | MILWAUKEE 5A to 1:30P,"Milwaukee, WI",NA,Hourly,VelvetJobs,2023-11-30
Warehouse Cleaner,"Glasgow, VA",NA,Hourly,VelvetJobs,2023-11-30
Aircraft Cabin Cleaner,"Birmingham, AL",NA,Hourly,VelvetJobs,2023-11-30
Parking Lead,"Los Angeles, CA",NA,Hourly,VelvetJobs,2023-11-30
CLEANER,"Chipley, FL",NA,Hourly,VelvetJobs,2023-11-30
Client Procurement Lead,"San Francisco, CA",NA,Hourly,VelvetJobs,2023-11-30
Parking Garage Valet,"Saint Paul, MN",NA,Hourly,VelvetJobs,2023-11-30
Cleaner,"Tustin, CA",17.00,Hourly,VelvetJobs,2023-11-30
General Maintenance Technician,"Raleigh, NC",NA,Hourly,VelvetJobs,2023-11-30
Baggage Handler,"Reno, NV",NA,Hourly,VelvetJobs,2023-11-30
Lead,"San Diego, CA",NA,Hourly,VelvetJobs,2023-11-30
Cleaner,"Fredericksburg, VA",NA,Hourly,VelvetJobs,2023-11-30
Cleaner,"St. Louis, MO",NA,Hourly,VelvetJobs,2023-11-30
LEAD,"Durham, NC",NA,Hourly,VelvetJobs,2023-11-30
Bilingual Rental Car Services Manager,"Orlando, FL",NA,Hourly,VelvetJobs,2023-11-30
CLEANER (H),"Corona, CA",NA,Hourly,VelvetJobs,2023-11-30
Client Finance Lead,"Mesa, AZ",NA,Hourly,VelvetJobs,2023-11-30
Dispatcher,"Reno, NV",13,Hourly,VelvetJobs,2023-11-30
Floor Tech,"Houston, TX",NA,Hourly,VelvetJobs,2023-11-30
Account Manager,"Los Angeles, CA",66,Hourly,VelvetJobs,2023-11-30
Evening Porter,"Atlanta, GA",20.00,Hourly,VelvetJobs,2023-11-30
Overnight Garage Cleaner,"Akron, OH",NA,Hourly,VelvetJobs,2023-11-30
HVAC Zone Lead Technician,"Washington, DC",NA,Hourly,VelvetJobs,2023-11-30
LEAD DAY SHIFT AIRCRAFT CLEANER,"Sugar Land, TX",NA,Hourly,VelvetJobs,2023-11-30
LEAD OVERNIGHT AIRCRAFT CLEANER,"Sugar Land, TX",NA,Hourly,VelvetJobs,2023-11-30
Warehouse Tech- Seasonal,"Las Vegas, NV",NA,Hourly,VelvetJobs,2023-11-30
Cleaner,"Denver, CO",17.35,Hourly,VelvetJobs,2023-11-30
AIRCRAFT CABIN CLEANER OVERNIGHT,"Sugar Land, TX",NA,Hourly,VelvetJobs,2023-11-30
Cleaner,"Austin, TX",NA,Hourly,VelvetJobs,2023-11-30
Payroll Coordinator,"Sugar Land, TX",NA,Hourly,VelvetJobs,2023-11-30
Cleaner,"Lakewood, CO",15.20,Hourly,VelvetJobs,2023-11-30
Senior Analyst Accounts Receivable - Billing,"Jacksonville, FL",NA,Hourly,VelvetJobs,2023-11-30
Senior Network Security Engineer,"Coppell, TX",NA,Hourly,VelvetJobs,2023-11-30
TWO Community Associates - Social Media (Night/Weekend Shifts),"Remote, United States",NA,Hourly,VelvetJobs,2023-11-30
Creator (TikTok) - Social Media,"Remote, United States",NA,Hourly,VelvetJobs,2023-11-30
Retail Team Leader,"Lake Grove, NY",NA,Hourly,VelvetJobs,2023-11-30
PT Retail Team Leader - Keyholder,"Leawood, KS",NA,Hourly,VelvetJobs,2023-11-30
Sales Associate,"Asheville, NC",NA,Hourly,VelvetJobs,2023-11-30
Startup/Completions Manager,"Houston, TX",NA,Hourly,VelvetJobs,2023-11-30
Accounting Associate,"Phoenix, AZ",NA,Hourly,VelvetJobs,2023-11-30
Instrumentation Technician 2,"Phoenix, AZ",NA,Hourly,VelvetJobs,2023-11-30
Staff Test Engineer,"South Bend, IN",NA,Hourly,VelvetJobs,2023-11-30
UW Veterinary Care Custodian,"Madison, WI",NA,Hourly,VelvetJobs,2023-11-30
Administrative Assistant,"Madison, WI",NA,Hourly,VelvetJobs,2023-11-30
Primate Caretaker,"Madison, WI",NA,Hourly,VelvetJobs,2023-11-30
L&S Honors & Scholarship Application Review Specialist,"Madison, WI",NA,Hourly,VelvetJobs,2023-11-30
Research Program Coordinator,"Madison, WI",NA,Hourly,VelvetJobs,2023-11-30
Manufacturing Equipment Technician,"Madison, WI",NA,Hourly,VelvetJobs,2023-11-30
Assistant Manager Advanced - Unit Chef,"Madison, WI",NA,Hourly,VelvetJobs,2023-11-30
Academic Program Specialist,"Madison, WI",NA,Hourly,VelvetJobs,2023-11-30
Clinical Research Coordinator II,"Madison, WI",NA,Hourly,VelvetJobs,2023-11-30
Payroll and Benefits Specialist,"Madison, WI",NA,Hourly,VelvetJobs,2023-11-30
Chronic Pain Anesthesiologist,"Madison, WI",NA,Hourly,VelvetJobs,2023-11-30
Physician Administrative Assistant,"Madison, WI",NA,Hourly,VelvetJobs,2023-11-30
Community News Reporter,"San Jose, CA",NA,Hourly,VelvetJobs,2023-11-30
Sports Reporter,"Oakland, CA",NA,Hourly,VelvetJobs,2023-11-30
Product Manager,"Denver, CO",NA,Hourly,VelvetJobs,2023-11-30
Local News Reporter,"Oakland, CA",NA,Hourly,VelvetJobs,2023-11-30
Cost Controller - Contract (NYC),"New York, NY",NA,Hourly,VelvetJobs,2023-11-30
Networking Assistant Professor,"Chicago, IL",NA,Hourly,VelvetJobs,2023-11-30
Vehicle Cond Inspector,"Phoenix, AZ",NA,Hourly,VelvetJobs,2023-11-30
Vehicle Condition Inspector,"Buffalo, NY",NA,Hourly,VelvetJobs,2023-11-30
Titles Administrator,"Buffalo, NY",NA,Hourly,VelvetJobs,2023-11-30
Hospital Service Technician,"Shenandoah, TX",NA,Hourly,VelvetJobs,2023-11-30
Warehouse Service Representative - New Jersey,"Jersey City, NJ",NA,Hourly,VelvetJobs,2023-11-30
Retail Sales Supervisor,"Fort Worth, TX",NA,Hourly,VelvetJobs,2023-11-30
Retail Stocking Supervisor,"Abilene, TX",NA,Hourly,VelvetJobs,2023-11-30
Retail Sales Associate,"Cedar Rapids, IA",15,Hourly,VelvetJobs,2023-11-30
Retail Stocking Associate,"Rockford, IL",16,Hourly,VelvetJobs,2023-11-30
Retail Sales Associate,"Pontiac, MI",15,Hourly,VelvetJobs,2023-11-30
Retail Sales Associate,"Waterloo, IA",15,Hourly,VelvetJobs,2023-11-30
Retail Stocking Associate,"Waterloo, IA",15,Hourly,VelvetJobs,2023-11-30
Retail Sales Associate,"Racine, WI",16,Hourly,VelvetJobs,2023-11-30
Retail Stocking Associate,"Edmonds, WA",NA,Hourly,VelvetJobs,2023-11-30
Retail Stocking Associate,"Parsippany Troy Hills, NJ",NA,Hourly,VelvetJobs,2023-11-30
Retail Sales Associate,"Fresno, CA",17,Hourly,VelvetJobs,2023-11-30
Retail Sales Associate,"Visalia, CA",16,Hourly,VelvetJobs,2023-11-30
Retail Sales Associate,"Largo, FL",16,Hourly,VelvetJobs,2023-11-30
Retail Stocking Associate,"Sault Ste. Marie, MI",15,Hourly,VelvetJobs,2023-11-30
Store Manager,"Aransas Pass, TX",NA,Hourly,VelvetJobs,2023-11-30
Retail Stocking Associate,"Lynwood, CA",19,Hourly,VelvetJobs,2023-11-30
Senior Retail Sales Associate,"Sanford, FL",NA,Hourly,VelvetJobs,2023-11-30
Retail Sales Associate,"Austin, TX",16,Hourly,VelvetJobs,2023-11-30
Retail Stocking Associate,"Washington, MO",15,Hourly,VelvetJobs,2023-11-30
Retail Sales Associate,"Port St. Lucie, FL",15,Hourly,VelvetJobs,2023-11-30
Senior Retail Stocking Associate,"Cullman, AL",NA,Hourly,VelvetJobs,2023-11-30
Retail Stocking Associate,"Burke County, NC",14,Hourly,VelvetJobs,2023-11-30
Senior Retail Sales Associate,"High Point, NC",NA,Hourly,VelvetJobs,2023-11-30
Retail Stocking Associate,"West Plains, MO",14,Hourly,VelvetJobs,2023-11-30
Retail Sales Associate,"Big Spring, TX",18,Hourly,VelvetJobs,2023-11-30
Retail Sales Manager,"Franklin, NC",NA,Hourly,VelvetJobs,2023-11-30
Retail Stocking Associate,"Franklin, KY",15,Hourly,VelvetJobs,2023-11-30
Retail Stocking Associate,"Paso Robles, CA",18,Hourly,VelvetJobs,2023-11-30
Retail Stocking Supervisor,"Greensboro, NC",NA,Hourly,VelvetJobs,2023-11-30
Retail Sales Associate,"North Palm Beach, FL",16,Hourly,VelvetJobs,2023-11-30
Retail Sales Associate,"Cuyahoga Falls, OH",15,Hourly,VelvetJobs,2023-11-30
Retail Stocking Associate,"Daytona Beach, FL",16,Hourly,VelvetJobs,2023-11-30
Retail Stocking Supervisor,"Fort Walton Beach, FL",NA,Hourly,VelvetJobs,2023-11-30
Senior Retail Sales Associate,"Peoria, AZ",NA,Hourly,VelvetJobs,2023-11-30
Retail Stocking Associate,"Auburn, NY",16,Hourly,VelvetJobs,2023-11-30
Senior Retail Stocking Associate,"Town 'N' Country, FL",NA,Hourly,VelvetJobs,2023-11-30
Retail Stocking Associate,"Arnold, MO",15,Hourly,VelvetJobs,2023-11-30
Corrosion Engineer,"Naperville, IL",NA,Hourly,VelvetJobs,2023-11-30
Solutions Development Principal,"Atlanta, GA",NA,Hourly,VelvetJobs,2023-11-30
"Channel Management Specialist (Specialist Sr, Communications)","Atlanta, GA",NA,Hourly,VelvetJobs,2023-11-30
Engineer/Analyst - Data & Analytics System Administrator,"Birmingham, AL",NA,Hourly,VelvetJobs,2023-11-30
Lead Digital I&C System Engineer (Ovation SME) - (Plant Vogtle 3&4),"Waynesboro, GA",NA,Hourly,VelvetJobs,2023-11-30
2nd Shift Order Selector,"Clackamas, OR",21.75,Hourly,VelvetJobs,2023-11-30
Warehouse Order Selector 1st shift No Weekends!,"Portland, ME",NA,Hourly,VelvetJobs,2023-11-30
Class A CDL Driver,"Portland, ME",NA,Hourly,VelvetJobs,2023-11-30
Part Time Order Selector 2nd Shift,"Hickory, NC",NA,Hourly,VelvetJobs,2023-11-30
Class A CDL Driver,"Sumner, WA",27.19,Hourly,VelvetJobs,2023-11-30
Class A CDL Driver,"Depew, NY",NA,Hourly,VelvetJobs,2023-11-30
Warehouse Order Selector 2nd Shift,"York, PA",NA,Hourly,VelvetJobs,2023-11-30
Order Selector 1st Shift,"Hickory, NC",NA,Hourly,VelvetJobs,2023-11-30
Class A CDL Driver,"South Brunswick Township, NJ",NA,Hourly,VelvetJobs,2023-11-30
Warehouse Order Selector 2nd Shift,"South Brunswick Township, NJ",NA,Hourly,VelvetJobs,2023-11-30
Warehouse Utility Worker - Dayshift (7:00am – 3:30pm + OT),"York, PA",NA,Hourly,VelvetJobs,2023-11-30
Class A CDL Driver,"Hanover, MD",NA,Hourly,VelvetJobs,2023-11-30
Warehouse Order Selector 2nd Shift,"Depew, NY",NA,Hourly,VelvetJobs,2023-11-30
Class A CDL Driver Monday-Friday,"Salt Lake City, UT",NA,Hourly,VelvetJobs,2023-11-30
Order Selector Monday-Friday,"Fairfield, OH",NA,Hourly,VelvetJobs,2023-11-30
Order Selector Monday-Friday,"Salt Lake City, UT",NA,Hourly,VelvetJobs,2023-11-30
Order Selector Monday-Friday,"Houston, TX",NA,Hourly,VelvetJobs,2023-11-30
Class A CDL Driver Overnights Required,"Guadalupe, AZ",NA,Hourly,VelvetJobs,2023-11-30
Order Selector Monday-Friday,"Guadalupe, AZ",NA,Hourly,VelvetJobs,2023-11-30
Warehouse Supervisor - Shipping,"Memphis, TN",NA,Hourly,VelvetJobs,2023-11-30
Order Selector Monday-Friday,"Aurora, CO",NA,Hourly,VelvetJobs,2023-11-30
Order Selector Monday-Friday,"Dallas, TX",NA,Hourly,VelvetJobs,2023-11-30
Order Selector Monday-Friday,"Anaheim, CA",NA,Hourly,VelvetJobs,2023-11-30
Buyer,"Dallas, TX",NA,Hourly,VelvetJobs,2023-11-30
Class A CDL Driver Monday-Friday,"Aurora, CO",NA,Hourly,VelvetJobs,2023-11-30
"Research Scientist, Sr","Worcester, MA",NA,Hourly,VelvetJobs,2023-11-30
Research Associate I,"Worcester, MA",NA,Hourly,VelvetJobs,2023-11-30
"Research Associate – Open Rank – Benanti Lab ($2,000 Sign-On Bonus)","Worcester, MA",NA,Hourly,VelvetJobs,2023-11-30
Client Executive,"Houston, TX",NA,Hourly,VelvetJobs,2023-11-30
Full Stack Software Engineer,"San Jose, CA",NA,Hourly,VelvetJobs,2023-11-30
Registered Nurse Labor and Delivery,"Murray, UT",NA,Hourly,VelvetJobs,2023-11-30
Pharmacy Intern,"Salt Lake City, UT",NA,Hourly,VelvetJobs,2023-11-30
Patient Access Associate I Registration Specialist,"Indianapolis, IN",NA,Hourly,VelvetJobs,2023-11-30
Care Management Assistant,"American Fork, UT",NA,Hourly,VelvetJobs,2023-11-30
Critical Care Tech Shock Trauma ICU,"Murray, UT",NA,Hourly,VelvetJobs,2023-11-30
Clinical Laboratory Assistant,"Salt Lake City, UT",NA,Hourly,VelvetJobs,2023-11-30
Patient Service Representative,"Provo, UT",NA,Hourly,VelvetJobs,2023-11-30
LPN Behavioral Health,"Wheat Ridge, CO",NA,Hourly,VelvetJobs,2023-11-30
Project Consultant,"Dayton, OH",NA,Hourly,VelvetJobs,2023-11-30
Pediatric Speech Therapist,"Salt Lake City, UT",NA,Hourly,VelvetJobs,2023-11-30
Medical Assistant Float Pool PRN,"St. George, UT",NA,Hourly,VelvetJobs,2023-11-30
Organ Transplant Coordinator,"Murray, UT",NA,Hourly,VelvetJobs,2023-11-30
Clinical Diet Technician - Intermountain Medical Center,"Murray, UT",NA,Hourly,VelvetJobs,2023-11-30
Family Medicine Physician,"Huntington, WV",NA,Hourly,VelvetJobs,2023-11-30
Registered Nurse Behavioral Health Crisis Clinic PRN,"Indianapolis, IN",NA,Hourly,VelvetJobs,2023-11-30
PRN Nephrology Physician,"St. George, UT",NA,Hourly,VelvetJobs,2023-11-30
Business Analyst,"Norwalk, CT",NA,Hourly,VelvetJobs,2023-11-30
Account Manager,"Norwalk, CT",NA,Hourly,VelvetJobs,2023-11-30
"Senior Manager, Business Tax Services - Private Clients","Chicago, IL",NA,Hourly,VelvetJobs,2023-11-30
"Senior Manager, Washington National Tax","Washington, DC",NA,Hourly,VelvetJobs,2023-11-30
"Associate or Senior Associate, Global Trade Technology","Rochester, NY",NA,Hourly,VelvetJobs,2023-11-30
"Seasonal Senior Associate, Tax Financial Services","Denver, CO",NA,Hourly,VelvetJobs,2023-11-30
"Associate Director, ESG Assurance Carbon Accounting","Boston, MA",NA,Hourly,VelvetJobs,2023-11-30
"Senior Assoicate, Innovation Consultant","Orlando, FL",NA,Hourly,VelvetJobs,2023-11-30
"Senior Associate, Federal Data Scientist","Tampa, FL",NA,Hourly,VelvetJobs,2023-11-30
"Senior Associate, Marketing & Sales Enablement","Chicago, IL",NA,Hourly,VelvetJobs,2023-11-30
"Manager, Physical Security Operations","New York, NY",NA,Hourly,VelvetJobs,2023-11-30
"Tax Manager, Alternative Investment Partnerships (Real Estate)","Dallas, TX",NA,Hourly,VelvetJobs,2023-11-30
"Senior Tax Manager, Alternative Investment Partnerships (Real Estate)","Dallas, TX",NA,Hourly,VelvetJobs,2023-11-30
Lecturer - Psychology (Child Development Associate),"Farmingdale, NY",NA,Hourly,VelvetJobs,2023-11-30
Lecturer - Psychology (Direct Support Professional),"Farmingdale, NY",NA,Hourly,VelvetJobs,2023-11-30
Technical Support Engineer,"Houston, TX",NA,Hourly,VelvetJobs,2023-11-30
Material Handler I,"Cleveland, MS",NA,Hourly,VelvetJobs,2023-11-30
Manufacturing Superintendent (6:30pm-6:30am),"Marion, NC",NA,Hourly,VelvetJobs,2023-11-30
Production Associate - Fill (10:45pm-6:45am),"Marion, NC",NA,Hourly,VelvetJobs,2023-11-30
Manufacturing Manager I (7:00am-3:00pm),"Marion, NC",NA,Hourly,VelvetJobs,2023-11-30
Production Associate - Fill (6:45PM - 6:45AM),"Marion, NC",NA,Hourly,VelvetJobs,2023-11-30
Field Service Technician I,"Charlotte, NC",NA,Hourly,VelvetJobs,2023-11-30
Director Business HR (Care and Connectivity Solutions),"Deerfield, IL",NA,Hourly,VelvetJobs,2023-11-30
"Assoc, Field Service I","Indianapolis, IN",NA,Hourly,VelvetJobs,2023-11-30
"Material Handler, Fill (6:45pm - 6:45am)","Marion, NC",NA,Hourly,VelvetJobs,2023-11-30
Patient Intake Specialist,"Saint Paul, MN",NA,Hourly,VelvetJobs,2023-11-30
"Lead, Procurement","Waco, TX",NA,Hourly,VelvetJobs,2023-11-30
"Associate Director, Data and Analytics","Remote, United States",NA,Hourly,VelvetJobs,2023-11-30
Assembly,"Rochester, NY",NA,Hourly,VelvetJobs,2023-11-30
Sr. International Flight Attendant,"Waukegan, IL",NA,Hourly,VelvetJobs,2023-11-30
"Scientist, Mechanical Engrg (Thermal Analyst - Plano)","Plano, TX",NA,Hourly,VelvetJobs,2023-11-30
Manufacturing Technician B,"Salt Lake City, UT",NA,Hourly,VelvetJobs,2023-11-30
Aircraft Maintenance A,"Waco, TX",NA,Hourly,VelvetJobs,2023-11-30
"Specialist, Systems Engineer (Active US Secret Clearance Required)","Colorado Springs, CO",NA,Hourly,VelvetJobs,2023-11-30
"Logistics Senior Specialist (Level 4), GMASS Support","Colorado Springs, CO",NA,Hourly,VelvetJobs,2023-11-30
"Quality Technician B, 2nd Shift (Palm Bay, FL)","Malabar, FL",NA,Hourly,VelvetJobs,2023-11-30
Manufacturing Technician A,"Salt Lake City, UT",NA,Hourly,VelvetJobs,2023-11-30
Quality Engineer,"Redmond, WA",NA,Hourly,VelvetJobs,2023-11-30
Specialist Schedule Integrator - Production Scheduling,"Culpeper, VA",NA,Hourly,VelvetJobs,2023-11-30
Engineering Technician 2,"Redmond, WA",NA,Hourly,VelvetJobs,2023-11-30
Manufacturing Technician,"Rochester, NY",NA,Hourly,VelvetJobs,2023-11-30
"Senior Financial Analyst, Business Operations","Huntsville, AL",NA,Hourly,VelvetJobs,2023-11-30
"Software Engineer (New Grad- Columbia, MD)","Columbia, MD",NA,Hourly,VelvetJobs,2023-11-30
Tool and Design Engineer,"Huntsville, AL",NA,Hourly,VelvetJobs,2023-11-30
Manufacturing Technician 2,"Culpeper, VA",NA,Hourly,VelvetJobs,2023-11-30
Senior Specialist Quality Engineering,"Camden, NJ",NA,Hourly,VelvetJobs,2023-11-30
"Lead, Subcontracts Manager (Melbourne, FL or Herndon, VA)","Rockville, MD",NA,Hourly,VelvetJobs,2023-11-30
Chief Systems Engineer,"Colorado Springs, CO",NA,Hourly,VelvetJobs,2023-11-30
"Senior Associate, Integration/Test Engineering","Rockville, MD",NA,Hourly,VelvetJobs,2023-11-30
"Lead, Project Engineer (TS)","Colorado Springs, CO",NA,Hourly,VelvetJobs,2023-11-30
"Intern, Test Engineering","John C. Stennis Space Center, MS",NA,Hourly,VelvetJobs,2023-11-30
Machinist 2 (Manual and CNC) 2nd shift,"Culpeper, VA",NA,Hourly,VelvetJobs,2023-11-30
"Systems Engineer (New Grad - Salt Lake City, UT)","Salt Lake City, UT",NA,Hourly,VelvetJobs,2023-11-30
"Supervisor, Manufacturing & Production Planning","Camden, AR",NA,Hourly,VelvetJobs,2023-11-30
"Program Management (New Grad - Salt Lake City, UT)","Salt Lake City, UT",NA,Hourly,VelvetJobs,2023-11-30
"Information Systems Security Engineer Intern (Greenville, TX)","Greenville, TX",NA,Hourly,VelvetJobs,2023-11-30
"Senior Specialist, Systems Engineer","Salt Lake City, UT",NA,Hourly,VelvetJobs,2023-11-30
"Systems Engineer (New Grad - Clifton, NJ)","Clifton, NJ",NA,Hourly,VelvetJobs,2023-11-30
"Sr Assoc, Electrical Engrg","Annapolis, MD",NA,Hourly,VelvetJobs,2023-11-30
"Quality Technician C, 3rd Shift (Malabar, FL)","Malabar, FL",NA,Hourly,VelvetJobs,2023-11-30
Quality Engineering Technician D,"Salt Lake City, UT",NA,Hourly,VelvetJobs,2023-11-30
"Assoc, Software Engrg FPGA/C++ (New Grad - Salt Lake City, UT)","Salt Lake City, UT",NA,Hourly,VelvetJobs,2023-11-30
"Specialist, Configuration Management","Rockville, MD",NA,Hourly,VelvetJobs,2023-11-30
"Electrical Engineer (New Grad- Rochester, NY)","Rochester, NY",NA,Hourly,VelvetJobs,2023-11-30
Production Support C,"Rochester, NY",NA,Hourly,VelvetJobs,2023-11-30
Senior Sales Data Analyst - RJIM,"Tampa, FL",NA,Hourly,VelvetJobs,2023-11-30
"Accounts Payable Supervisor, Accounting (Hybrid)","Tampa, FL",NA,Hourly,VelvetJobs,2023-11-30
"Associate, Transitions / New Account Onboarding (ICD) St. Petersburg, FL","Tampa, FL",NA,Hourly,VelvetJobs,2023-11-30
"Supervisor, Operations - Series 7, 66 (63/65) required","Tampa, FL",NA,Hourly,VelvetJobs,2023-11-30
Treasury Staff Accountant,"Tampa, FL",NA,Hourly,VelvetJobs,2023-11-30
"Senior Analyst, Model Risk Management - AML","Tampa, FL",NA,Hourly,VelvetJobs,2023-11-30
"Manager, Operations in Memphis, TN - Series 7/66/9/10 required","Memphis, TN",NA,Hourly,VelvetJobs,2023-11-30
"Account Transfers Associate Memphis, TN 8am-5pm CT","Memphis, TN",NA,Hourly,VelvetJobs,2023-11-30
"Manager, Supervision- Supervisory Solutions (Remote Option Available)","Seattle, WA",NA,Hourly,VelvetJobs,2023-11-30
Traveling Transition Support Associate - 100% Travel,"Tampa, FL",NA,Hourly,VelvetJobs,2023-11-30
Senior Accountant,"Tampa, FL",NA,Hourly,VelvetJobs,2023-11-30
"Sr. Associate, CEI – Communications","Boston, MA",NA,Hourly,VelvetJobs,2023-11-30
Regulatory Relations Intern,"Dallas, TX",NA,Hourly,VelvetJobs,2023-11-30
"Sr. Associate, Business Management, Boston, MA","Boston, MA",NA,Hourly,VelvetJobs,2023-11-30
Waste Treatment Technician,"St. Peters, MO",NA,Hourly,VelvetJobs,2023-11-30
HACCP Coordinator,"Wanamingo, MN",NA,Hourly,VelvetJobs,2023-11-30
Compliance Assurance Lead,"Wanamingo, MN",NA,Hourly,VelvetJobs,2023-11-30
TMA - Neilson Place - PRN,"Bemidji, MN",NA,Hourly,VelvetJobs,2023-11-30
RN - Registered Nurse - Emergency Department - Jackson Medical Center - Full Time,"Jackson, MN",NA,Hourly,VelvetJobs,2023-11-30
CNA - Certified Nursing Assistant - FT - Evenings,"George, IA",NA,Hourly,VelvetJobs,2023-11-30
Room Service Assistant - South University Hospital - PRN,"Fargo, ND",NA,Hourly,VelvetJobs,2023-11-30
CMA - Certified Medication Assistant - SF Village - FT (Straight Nights/Straight Weekends),"Sioux Falls, SD",NA,Hourly,VelvetJobs,2023-11-30
Nursing Assistant - Central Resource Pool - FT Rotating Days/Nights,"Sioux Falls, SD",NA,Hourly,VelvetJobs,2023-11-30
Patient Access Rep Sheldon Full Time 32hrs/week,"Sheldon, IA",NA,Hourly,VelvetJobs,2023-11-30
Associate Optometric Assistant - Detroit Lakes Eye Services - PRN,"Detroit Lakes, MN",NA,Hourly,VelvetJobs,2023-11-30
"Travel RN Med/surg- Bemidji, MN - SBS","Bemidji, MN",NA,Hourly,VelvetJobs,2023-11-30
CNA - Certified Nursing Assistant - Home Health - PRN,"Preston, MN",NA,Hourly,VelvetJobs,2023-11-30
Room Service Assistant - PRN,"Sioux Falls, SD",NA,Hourly,VelvetJobs,2023-11-30
Food Service Assistant - Sunset Drive - PRN,"Mandan, ND",NA,Hourly,VelvetJobs,2023-11-30
Environmental Services / Housekeeping - Full Time,"Worthington, MN",NA,Hourly,VelvetJobs,2023-11-30
CNA - Certified Nursing Assistant - PT Days - Atwood (LTC),"Atwood, KS",NA,Hourly,VelvetJobs,2023-11-30
CNA - Certified Nursing Assistant - Miller Pointe - FT Flex,"Mandan, ND",NA,Hourly,VelvetJobs,2023-11-30
Patient Access Representative (40Hrs/Week),"Fargo, ND",NA,Hourly,VelvetJobs,2023-11-30
Laundry Technician,"Sioux Falls, SD",NA,Hourly,VelvetJobs,2023-11-30
Food Service Assistant,"Sioux Falls, SD",NA,Hourly,VelvetJobs,2023-11-30
Food Service Assistant/Cafe,"Sioux Falls, SD",NA,Hourly,VelvetJobs,2023-11-30
Driver - Larimore - PRN,"Larimore, ND",NA,Hourly,VelvetJobs,2023-11-30
Registered Nurse - RN - Full Time Days,"Davenport, IA",NA,Hourly,VelvetJobs,2023-11-30
"CNA - Certified Nursing Assistant - Miller Pointe - FT, PT and PRN","Mandan, ND",NA,Hourly,VelvetJobs,2023-11-30
CNA - Certified Nursing Assistant - Canby Care Center - Full Time,"Canby, MN",NA,Hourly,VelvetJobs,2023-11-30
Mobility Aide - Medical Mental Health - Part Time,"Fargo, ND",NA,Hourly,VelvetJobs,2023-11-30
"RN Case Manager, Inpatient","Bismarck, ND",NA,Hourly,VelvetJobs,2023-11-30
"Administrator, Home and Community Based Services - Grand Island/Kearney, NE","Grand Island, NE",NA,Hourly,VelvetJobs,2023-11-30
APP - Physician Assistant or Nurse Practitioner Children's Care Clinic,"Fargo, ND",NA,Hourly,VelvetJobs,2023-11-30
Nursing Assistant Inpatient - Neuro - PT,"Fargo, ND",NA,Hourly,VelvetJobs,2023-11-30
"Nursing Assistant, Certified, Long Term Care (LTC) Bath Aid - PT","Park River, ND",NA,Hourly,VelvetJobs,2023-11-30
"Resident Assistant, Assisted Living - PRN","Albion, NE",NA,Hourly,VelvetJobs,2023-11-30
"Nursing Assistant TRAINEE, Long Term Care (LTC) - FT Evenings","Atkinson, NE",NA,Hourly,VelvetJobs,2023-11-30
Therapy Aide - Acute Care - Full Time,"Sioux Falls, SD",NA,Hourly,VelvetJobs,2023-11-30
CNA - Certified Nursing Assistant - Canby Care Center - PRN,"Canby, MN",NA,Hourly,VelvetJobs,2023-11-30
RN - Registered Nurse - Detroit Lakes Family Medicine - PRN,"Detroit Lakes, MN",NA,Hourly,VelvetJobs,2023-11-30
CNA/Patient Care Technician Inpatient - Neurosurgery - Part Time,"Fargo, ND",NA,Hourly,VelvetJobs,2023-11-30
RN - Registered Nurse - ED/Gen Med/ICU - Worthington Medical Center - Full Time,"Worthington, MN",NA,Hourly,VelvetJobs,2023-11-30
CMA - Certified Medical Assistant - Detroit Lakes Orthopedics - Full Time Days,"Detroit Lakes, MN",NA,Hourly,VelvetJobs,2023-11-30
"Nursing Assistant, Certified, Long Term Care - Full Time/Nights","Hays, KS",NA,Hourly,VelvetJobs,2023-11-30
"Food Service Assistant, Long Term Care - Part Time","Wamego, KS",NA,Hourly,VelvetJobs,2023-11-30
RN Resource Nurse - Luther Manor - FT Days,"Sioux Falls, SD",NA,Hourly,VelvetJobs,2023-11-30
Assisted Living Manager - Bethany - FT Days,"Brainerd, MN",NA,Hourly,VelvetJobs,2023-11-30
Administrative Aide - Bethany Assisted Living - PRN,"Brainerd, MN",NA,Hourly,VelvetJobs,2023-11-30
LPN - Licensed Practical Nurse or MA - Medical Assistant - Brandon Clinic - FT Days,"Brandon, SD",NA,Hourly,VelvetJobs,2023-11-30
"Food Service Assistant, Long Term Care - Part Time/Evening","Hays, KS",NA,Hourly,VelvetJobs,2023-11-30
RN - Registered Nurse or LPN - Licensed Practical Nurse - Pine River LTC - FT Weekends Days,"Pine River, MN",NA,Hourly,VelvetJobs,2023-11-30
LPN - Licensed Practical Nurse or MA - Medical Assistant - 69th & Louis Children's Clinic - FT Days,"Sioux Falls, SD",NA,Hourly,VelvetJobs,2023-11-30
"Food Service Assistant, Long Term Care - Part Time/Evenings","Hays, KS",NA,Hourly,VelvetJobs,2023-11-30
Director of Nursing - Long Term Care,"Prescott Valley, AZ",NA,Hourly,VelvetJobs,2023-11-30
Associate Sterile Processing Technician - Evenings,"Fargo, ND",NA,Hourly,VelvetJobs,2023-11-30
Food Service Assistant - PT Day - Good Samaritan - Long Term Care,"Olathe, KS",NA,Hourly,VelvetJobs,2023-11-30
Resident Assistant - FT - Good Samaritan - Long Term Care,"Olathe, KS",NA,Hourly,VelvetJobs,2023-11-30
In-Home Caregiver - Albuquerque Home Care - Full-Time Float,"Albuquerque, NM",NA,Hourly,VelvetJobs,2023-11-30
"Resident Assistant, Medication Aide, Long Term Care (LTC)","Boise, ID",NA,Hourly,VelvetJobs,2023-11-30
Food Service Assistant - Woodsedge Senior Living - PT,"Bemidji, MN",NA,Hourly,VelvetJobs,2023-11-30
Medical Laboratory Scientist - 26th & Sycamore Clinic - FT,"Sioux Falls, SD",NA,Hourly,VelvetJobs,2023-11-30
RN - FT Day (Straight Weekend) - Hoeger House - Post Acute,"Olathe, KS",NA,Hourly,VelvetJobs,2023-11-30
Maintenance Mechanic - Lake Forest - Full Time,"Denton, TX",NA,Hourly,VelvetJobs,2023-11-30
Health Information Management Technician - Las Cruces Village - Full Time Days,"Las Cruces, NM",NA,Hourly,VelvetJobs,2023-11-30
Resident Assistant Medication Aide - RAMA,"Luverne, MN",NA,Hourly,VelvetJobs,2023-11-30
LPN - Licensed Practical Nurse or MA - Medical Assistant - 49th & Oxbow Family Medicine Clinic - FT Days,"Sioux Falls, SD",NA,Hourly,VelvetJobs,2023-11-30
In-Home Caregiver - Albuquerque Home Care - Flexible Shifts,"Albuquerque, NM",NA,Hourly,VelvetJobs,2023-11-30
Licensed Practical Nurse - LPN - Las Cruces Village - Full Time Nights,"Las Cruces, NM",NA,Hourly,VelvetJobs,2023-11-30
CNA - Certified Nursing Assistant - Ellsworth - FT Nights,"Ellsworth, KS",NA,Hourly,VelvetJobs,2023-11-30
"Manager, Nursing Home Care -- Kearney, NE - Full Time","Kearney, NE",NA,Hourly,VelvetJobs,2023-11-30
Registered Nurse - Orthopedics & Sports Medicine Clinic - FT Days,"Sioux Falls, SD",NA,Hourly,VelvetJobs,2023-11-30
"Manager, Nursing Home Care - Grand Island, NE -- Full Time","Grand Island, NE",NA,Hourly,VelvetJobs,2023-11-30
Program Manager,"Fargo, ND",NA,Hourly,VelvetJobs,2023-11-30
RN Clinical Research Coordinator - Oncology - Full Time,"Fargo, ND",NA,Hourly,VelvetJobs,2023-11-30
CNA - Certified Nursing Assistant - Ellsworth - FT Days,"Ellsworth, KS",NA,Hourly,VelvetJobs,2023-11-30
"Resident Assistant, Medication Aide - PT Day - Assisted Living","Windom, MN",NA,Hourly,VelvetJobs,2023-11-30
"Clinical Admissions Specialist - Grand Island, NE - Full Time","Grand Island, NE",NA,Hourly,VelvetJobs,2023-11-30
M.L. Team Members - Please Apply Here,"Hastings, NE",NA,Hourly,VelvetJobs,2023-11-30
Cook - PT - Evenings,"Red Oak, IA",NA,Hourly,VelvetJobs,2023-11-30
Patient Access Specialist - Specialty Pharmacy,"Fargo, ND",NA,Hourly,VelvetJobs,2023-11-30
"Food Service Assistant, Long Term Care (LTC) - PT Days","Atkinson, NE",NA,Hourly,VelvetJobs,2023-11-30
"Maintenance Mechanic, Long Term Care (LTC)","Albuquerque, NM",NA,Hourly,VelvetJobs,2023-11-30
"Cook, Long Term Care - Part Time/Days","Hays, KS",NA,Hourly,VelvetJobs,2023-11-30
"Senior Coder, Quality and Training, Provider Practice","Remote, United States",NA,Hourly,VelvetJobs,2023-11-30
"Nursing Assistant, Certified, Long Term Care - Full time/Evening","Liberal, KS",NA,Hourly,VelvetJobs,2023-11-30
RN or LPN - Full Time,"West Union, IA",NA,Hourly,VelvetJobs,2023-11-30
Patient Care Technician - Urgent Care,"Fargo, ND",NA,Hourly,VelvetJobs,2023-11-30
CNA - Part Time Nights,"West Union, IA",NA,Hourly,VelvetJobs,2023-11-30
"Nursing Assistant, Certified, Long Term Care - Part Time/Evening","Liberal, KS",NA,Hourly,VelvetJobs,2023-11-30
"Nursing Assistant, Certified, Long Term Care - Full Time/Evening","Liberal, KS",NA,Hourly,VelvetJobs,2023-11-30
"Program Mgr, Sr Staff","Austin, TX",NA,Hourly,VelvetJobs,2023-11-30
"Coordinator, Hope Lodge","Oklahoma City, OK",NA,Hourly,VelvetJobs,2023-11-30
Software Engineer,"Ashburn, VA",NA,Hourly,VelvetJobs,2023-11-30
"Associate Director, Development (Remote)","Denver, CO",NA,Hourly,VelvetJobs,2023-11-30
"Intern, Health Services Research","Buffalo, NY",NA,Hourly,VelvetJobs,2023-11-30
Development Coordinator (Distinguished Events) - Remote,"Irvine, CA",NA,Hourly,VelvetJobs,2023-11-30
"Sales Keyholder, PT","Lakewood, CO",NA,Hourly,VelvetJobs,2023-11-30
"Lead Associate, Footwear PT","Tinton Falls, NJ",NA,Hourly,VelvetJobs,2023-11-30
Call Center Reservation Support Specialist,"Lexington, KY",NA,Hourly,VelvetJobs,2023-11-30
Director of Strategic Sales - Cincinnati,"Cincinnati, OH",NA,Hourly,VelvetJobs,2023-11-30
Senior Field Sales Enablement Manager,"Pittsburg, KS",NA,Hourly,VelvetJobs,2023-11-30
Implementation PM II,"Beaverton, OR",NA,Hourly,VelvetJobs,2023-11-30
Director of Strategic Sales - Metro Philadelphia,"Philadelphia, PA",NA,Hourly,VelvetJobs,2023-11-30
Director of Strategic Sales - Indianapolis,"Indianapolis, IN",NA,Hourly,VelvetJobs,2023-11-30
Registered Nurse (RN) Float Pool Full Time Day Franklin Square Medical Center,"Baltimore, MD",10.00,Hourly,VelvetJobs,2023-11-30
Administrative Assistant,"Washington, DC",NA,Hourly,VelvetJobs,2023-11-30
Patient Access Associate I,"Baltimore, MD",NA,Hourly,VelvetJobs,2023-11-30
Social Worker Home Care,"Washington, DC",NA,Hourly,VelvetJobs,2023-11-30
Maintenance Tech,"Washington, DC",NA,Hourly,VelvetJobs,2023-11-30
Patient Service Coord,"Mc Lean, VA",NA,Hourly,VelvetJobs,2023-11-30
Clinical Pharmacist - Oncology - Day Shift,"Washington, DC",NA,Hourly,VelvetJobs,2023-11-30
Central Transport Assistant,"Washington, DC",NA,Hourly,VelvetJobs,2023-11-30
Registered Nurse (RN) Cardiac Cath Lab Union Memorial Hospital,"Baltimore, MD",NA,Hourly,VelvetJobs,2023-11-30
Unit Secretary (Full Time- Night Shift),"Baltimore, MD",NA,Hourly,VelvetJobs,2023-11-30
Registered Nurse (RN) Cath Lab/IR Franklin Square Medical Center,"Baltimore, MD",NA,Hourly,VelvetJobs,2023-11-30
Medical Assistant,"Baltimore, MD",NA,Hourly,VelvetJobs,2023-11-30
Medical Assistant,"Washington, DC",NA,Hourly,VelvetJobs,2023-11-30
Community Health Advocate II,"Baltimore, MD",NA,Hourly,VelvetJobs,2023-11-30
Officer I Unarmed,"Washington, DC",NA,Hourly,VelvetJobs,2023-11-30
Endoscopy/Cysto Technician,"Baltimore, MD",NA,Hourly,VelvetJobs,2023-11-30
Environmental Services Aide I,"Washington, DC",NA,Hourly,VelvetJobs,2023-11-30
Patient Care Technician-PRN,"Baltimore, MD",NA,Hourly,VelvetJobs,2023-11-30
Lpn,"Washington, DC",NA,Hourly,VelvetJobs,2023-11-30
Behavioral Health Specialist,"Baltimore, MD",NA,Hourly,VelvetJobs,2023-11-30
Patient Service Coordinator,"Washington, DC",NA,Hourly,VelvetJobs,2023-11-30
"Rehab Technician, Baltimore (PRN)","Baltimore, MD",NA,Hourly,VelvetJobs,2023-11-30
Specialty Clinical Pharmacist - Weekdays,"Washington, DC",NA,Hourly,VelvetJobs,2023-11-30
Officer Unarmed PRN,"Baltimore, MD",NA,Hourly,VelvetJobs,2023-11-30
Social Worker BSW / MSW,"Baltimore, MD",NA,Hourly,VelvetJobs,2023-11-30
RN Care Manager,"Washington, DC",NA,Hourly,VelvetJobs,2023-11-30
Patient Service Coord,"Baltimore, MD",NA,Hourly,VelvetJobs,2023-11-30
Technical Aide - 0700-1730,"Washington, DC",NA,Hourly,VelvetJobs,2023-11-30
Amer Sign Lang Interprtr II,"Washington, DC",NA,Hourly,VelvetJobs,2023-11-30
Registered Nurse (RN) Orthopaedics Full Time Nights Union Memorial Hospital,"Baltimore, MD",NA,Hourly,VelvetJobs,2023-11-30
Medical Assistant,"Olney, MD",NA,Hourly,VelvetJobs,2023-11-30
Retail Pharmacist - PRN,"Baltimore, MD",NA,Hourly,VelvetJobs,2023-11-30
Phlebotomist (Full time/ Evening Shift),"Clinton, MD",NA,Hourly,VelvetJobs,2023-11-30
Medical Assistant,"Chevy Chase, MD",NA,Hourly,VelvetJobs,2023-11-30
Financial Clearance Representative (3:00pm-11:30pm with rotating weekends),"Washington, DC",NA,Hourly,VelvetJobs,2023-11-30
Registered Nurse 2D Acute Medicine Surgical,"Washington, DC",NA,Hourly,VelvetJobs,2023-11-30
Registered Nurse Inpatient Pediatric Transplant PRN Per Diem (Georgetown),"Washington, DC",NA,Hourly,VelvetJobs,2023-11-30
Registered Nurse (RN) IR-Img Services-Special Procedures Good Samaritan,"Baltimore, MD",NA,Hourly,VelvetJobs,2023-11-30
Retail Pharmacy Technician- Full time,"Baltimore, MD",NA,Hourly,VelvetJobs,2023-11-30
Registered Nurse (RN) Adult Inpatient Psychiatry Franklin Square Medical Center,"Baltimore, MD",NA,Hourly,VelvetJobs,2023-11-30
Registered Nurse (RN) Interventional Radiology Harbor Hospital,"Baltimore, MD",NA,Hourly,VelvetJobs,2023-11-30
Registered Nurse RN- Observation Unit- MedStar Union Memorial,"Baltimore, MD",NA,Hourly,VelvetJobs,2023-11-30
Medical Assistant,"Leonardtown, MD",NA,Hourly,VelvetJobs,2023-11-30
Officer I Unarmed-Evening,"Baltimore, MD",NA,Hourly,VelvetJobs,2023-11-30
MRI Technologist,"Washington, DC",NA,Hourly,VelvetJobs,2023-11-30
Registered Nurse (RN) Cardiovascular OR Union Memorial Hospital,"Baltimore, MD",NA,Hourly,VelvetJobs,2023-11-30
Assistant Director Nursing 1F ED Short Stay Observation -40H Day/Night On Call,"Washington, DC",NA,Hourly,VelvetJobs,2023-11-30
Registered Nurse (RN) Cardiac Recovery Room Union Memorial Hospital,"Baltimore, MD",NA,Hourly,VelvetJobs,2023-11-30
Registered Nurse (RN) Operating Room (OR) MedStar Franklin Square,"Baltimore, MD",NA,Hourly,VelvetJobs,2023-11-30
Registered Nurse (RN) Orthopedic Operating Room (OR) MedStar Union Memorial,"Baltimore, MD",NA,Hourly,VelvetJobs,2023-11-30
Transporter,"Baltimore, MD",NA,Hourly,VelvetJobs,2023-11-30
Registered Nurse (RN) PreOp/PACU MedStar Harbor Hospital,"Baltimore, MD",NA,Hourly,VelvetJobs,2023-11-30
Radiology Technologist,"Olney, MD",NA,Hourly,VelvetJobs,2023-11-30
Medical Assistant - Ambu-Img-Breast Clin,"Washington, DC",NA,Hourly,VelvetJobs,2023-11-30
Medical Office Assistant II,"Washington, DC",NA,Hourly,VelvetJobs,2023-11-30
Sr Dosimetrist - PRN,"Washington, DC",NA,Hourly,VelvetJobs,2023-11-30
CT Technologist - PRN,"Washington, DC",NA,Hourly,VelvetJobs,2023-11-30
Registered Nurse (RN) 3C Kaiser Medicine Surgical,"Washington, DC",NA,Hourly,VelvetJobs,2023-11-30
Patient Care Technician ED,"Leonardtown, MD",NA,Hourly,VelvetJobs,2023-11-30
Front Desk Supervisor - Hematology-Oncology,"Washington, DC",NA,Hourly,VelvetJobs,2023-11-30
Officer Armed PRN,"Baltimore, MD",NA,Hourly,VelvetJobs,2023-11-30
Spply Chn Serv Recvg Distr Clk,"Washington, DC",NA,Hourly,VelvetJobs,2023-11-30
Respiratory Care Practitioner - PRN Night,"Baltimore, MD",NA,Hourly,VelvetJobs,2023-11-30
END Trainee,"Mc Lean, VA",NA,Hourly,VelvetJobs,2023-11-30
Physical Therapist PT - Outpatient Ortho. / Sports,"Baltimore, MD",NA,Hourly,VelvetJobs,2023-11-30
CT Technologist,"Baltimore, MD",NA,Hourly,VelvetJobs,2023-11-30
Registered Nurse Interventional Radiology (Georgetown),"Washington, DC",NA,Hourly,VelvetJobs,2023-11-30
Registered Nurse RN- Neurological/ Stroke Telemetry- MedStar Franklin Square,"Baltimore, MD",NA,Hourly,VelvetJobs,2023-11-30
Office Administration Coordinator,"Washington, DC",NA,Hourly,VelvetJobs,2023-11-30
Registered Nurse Postpartum Franklin Square Medical Center,"Baltimore, MD",NA,Hourly,VelvetJobs,2023-11-30
Clinical Nurse I - Practicum Student Placement,"Baltimore, MD",NA,Hourly,VelvetJobs,2023-11-30
Physical Therapist,"Clinton, MD",NA,Hourly,VelvetJobs,2023-11-30
Registered Nurse (RN) Vascular Lab Union Memorial Hospital,"Baltimore, MD",NA,Hourly,VelvetJobs,2023-11-30
Patient Service Team Coord,"Washington, DC",NA,Hourly,VelvetJobs,2023-11-30
Certified Nursing Assistant,"Leonardtown, MD",NA,Hourly,VelvetJobs,2023-11-30
Telephone Service Rep,"Baltimore, MD",NA,Hourly,VelvetJobs,2023-11-30
Retail Pharmacy Technician- PRN,"Baltimore, MD",NA,Hourly,VelvetJobs,2023-11-30
Senior Director Service Line,"Washington, DC",NA,Hourly,VelvetJobs,2023-11-30
Registered Nurse (RN) Operating Room (OR) Medstar Good Samaritan Hospital,"Baltimore, MD",NA,Hourly,VelvetJobs,2023-11-30
Registered Nurse Labor and Delivery Franklin Square Medical Center,"Baltimore, MD",NA,Hourly,VelvetJobs,2023-11-30
Program Coordinator,"Washington, DC",NA,Hourly,VelvetJobs,2023-11-30
Environmental Support Assoc,"Baltimore, MD",NA,Hourly,VelvetJobs,2023-11-30
Respiratory Care Practitioner - PRN Day,"Baltimore, MD",NA,Hourly,VelvetJobs,2023-11-30
Diagnostic Technologist,"Baltimore, MD",NA,Hourly,VelvetJobs,2023-11-30
"Clinic Assistant, DC","Washington, DC",NA,Hourly,VelvetJobs,2023-11-30
"Per Diem Nurse, Interventional Radiology (Georgetown)","Washington, DC",NA,Hourly,VelvetJobs,2023-11-30
Occupational Therapist (OT) - Acute/Inpatient PRN,"Olney, MD",NA,Hourly,VelvetJobs,2023-11-30
Graduate Nurse Labor and Delivery,"Clinton, MD",NA,Hourly,VelvetJobs,2023-11-30
Part-Time Dining Staff,"Middlebury, VT",NA,Hourly,VelvetJobs,2023-11-30
Laundry Helper,"Middlebury, VT",NA,Hourly,VelvetJobs,2023-11-30
PM MiddXpress Cashier/Clerk,"Middlebury, VT",17,Hourly,VelvetJobs,2023-11-30
Dining Systems Specialist,"Middlebury, VT",NA,Hourly,VelvetJobs,2023-11-30
Dining Room Server,"Middlebury, VT",NA,Hourly,VelvetJobs,2023-11-30
Basketball Game Staff 23-24,"Middlebury, VT",NA,Hourly,VelvetJobs,2023-11-30
Degree Programs Front Desk GA (AY 23-24 C91273),"Monterey, CA",NA,Hourly,VelvetJobs,2023-11-30
CCI Office Assistant (AY 23-24 900051),"Middlebury, VT",NA,Hourly,VelvetJobs,2023-11-30
Banquet Server ($15.50),"Newport Coast, CA",NA,Hourly,VelvetJobs,2023-11-30
Community Relations Representative,"Redwood City, CA",NA,Hourly,VelvetJobs,2023-11-30
Studio Coordinator - Broadway - Part Time,"Denver, CO",NA,Hourly,VelvetJobs,2023-11-30
Loan Surveillance Analyst,"Irvine, CA",NA,Hourly,VelvetJobs,2023-11-30
Senior Learning Experience Designer,"New York, NY",NA,Hourly,VelvetJobs,2023-11-30
Senior Associate- Internal Audit,"Ambler, PA",NA,Hourly,VelvetJobs,2023-11-30
Sales Engineer I,"Columbia, MD",NA,Hourly,VelvetJobs,2023-11-30
Instructional Aide - ISS,"Frisco, TX",21,Hourly,VelvetJobs,2023-11-30
Math Teacher,"Frisco, TX",NA,Hourly,VelvetJobs,2023-11-30
Administrative Intern - ELEMENTARY,"Frisco, TX",NA,Hourly,VelvetJobs,2023-11-30
Licensing Project Leader (Hybrid),"Branchville, NJ",NA,Hourly,VelvetJobs,2023-11-30
Application Team Lead (Hybrid),"Glastonbury, CT",NA,Hourly,VelvetJobs,2023-11-30
"Mgr, Quality I","Lawrenceville, GA",NA,Hourly,VelvetJobs,2023-11-30
BES Quality Lead,"Peabody, MA",NA,Hourly,VelvetJobs,2023-11-30
BES Manager I,"Lawrenceville, GA",NA,Hourly,VelvetJobs,2023-11-30
Inventory Associate- Travel Team,"Mason City, IA",18.00,Hourly,VelvetJobs,2023-11-30
Inventory Associate- Travel Team,"Albert Lea, MN",18.00,Hourly,VelvetJobs,2023-11-30
Inventory Associate- Travel Team,"Sioux Falls, SD",18.00,Hourly,VelvetJobs,2023-11-30
Inventory Associate- Travel Team,"Minneapolis, MN",18.00,Hourly,VelvetJobs,2023-11-30
Inventory Associate- Travel Team,"Sioux City, IA",18.00,Hourly,VelvetJobs,2023-11-30
Inventory Associate- Travel Team,"Fort Dodge, IA",18.00,Hourly,VelvetJobs,2023-11-30
Inventory Associate- Travel Team,"Fridley, MN",18.00,Hourly,VelvetJobs,2023-11-30
Inventory Associate- Travel Team,"Mankato, MN",18.00,Hourly,VelvetJobs,2023-11-30
Inventory Associate- Travel Team,"Austin, MN",18.00,Hourly,VelvetJobs,2023-11-30
Inventory Associate- Travel Team,"Rochester, MN",18.00,Hourly,VelvetJobs,2023-11-30
"Registered Nurse (RN) Skilled Community 7PM-7AM  $4,000 Sign-on Bonus!","Cincinnati, OH",NA,Hourly,VelvetJobs,2023-11-30
Clinical EHR Analyst - Hybrid - In Chicago Office Tues/Wed/Thurs,"Chicago, IL",80000 - 85000,Hourly,VelvetJobs,2023-11-30
Certified Medication Technician (Every other weekend 11p-7:30a) $22.00 Hrly,"Pasadena, MD",NA,Hourly,VelvetJobs,2023-11-30
PT/On-call Server,"Vancouver, WA",NA,Hourly,VelvetJobs,2023-11-30
Housekeeper Beautiful CCRC in Kenwood,"Cincinnati, OH",NA,Hourly,VelvetJobs,2023-11-30
Dishwasher/Assisted Living -  Full Time  Starting at$15  M-F No Weekends! Out By 7PM,"Bradenton, FL",15,Hourly,VelvetJobs,2023-11-30
Director of Health and Wellness,"Battle Ground, WA",NA,Hourly,VelvetJobs,2023-11-30
Concierge PT Friday and Saturday 3:00pm - 11:00pm  ($17 per hour),"Pasadena, MD",NA,Hourly,VelvetJobs,2023-11-30
Server,"Battle Ground, WA",NA,Hourly,VelvetJobs,2023-11-30
Licensed Practical Nurse (LPN) Skilled Community 7PM-7AM,"Cincinnati, OH",NA,Hourly,VelvetJobs,2023-11-30
Certified Medication Aide,"Port Orchard, WA",NA,Hourly,VelvetJobs,2023-11-30
Licensed Practical Nurse (LPN),"Colorado Springs, CO",NA,Hourly,VelvetJobs,2023-11-30
Cook,"Webster, NY",17,Hourly,VelvetJobs,2023-11-30
Housekeeper/Laundry Aid,"Northville, MI",NA,Hourly,VelvetJobs,2023-11-30
Lead Cook,"Hermitage, PA",NA,Hourly,VelvetJobs,2023-11-30
QMAP - Memory Care,"Colorado Springs, CO",NA,Hourly,VelvetJobs,2023-11-30
PRN Assisted Living Attendant/Caregiver,"Colorado Springs, CO",NA,Hourly,VelvetJobs,2023-11-30
Certified Nursing Assistant (CNA) for Weekends and open availability. (3 to 11 & 11 to 7),"Naples, FL",NA,Hourly,VelvetJobs,2023-11-30
Assisted Living Attendant/Caregiver Every Other weekend 3p-11:30p ($20.00 hrly),"Pasadena, MD",NA,Hourly,VelvetJobs,2023-11-30
Maintenance Supervisor,"Colorado Springs, CO",NA,Hourly,VelvetJobs,2023-11-30
Assisted Living Attendant/Caregiver - Part Time,"Cincinnati, OH",NA,Hourly,VelvetJobs,2023-11-30
Property Manager in Training,"Chicago, IL",NA,Hourly,VelvetJobs,2023-11-30
Administrative Assistant,"Chicago, IL",NA,Hourly,VelvetJobs,2023-11-30
Sous Chef,"Colorado Springs, CO",NA,Hourly,VelvetJobs,2023-11-30
QMAP - Assistant Living,"Colorado Springs, CO",NA,Hourly,VelvetJobs,2023-11-30
Memory Care Attendant - Part Time,"Cincinnati, OH",NA,Hourly,VelvetJobs,2023-11-30
Caregiver - full time afternoon shift,"Indiana, PA",NA,Hourly,VelvetJobs,2023-11-30
